"gene_name","entrez_id","gene_chromosome","gene_strand","gene_start","gene_end","cis_start","cis_end","sample","is_nepc","has_rnaseq","rnaseq_id","has_fusion","insertion_chr","insertion_start","insertion_end","insertion_midpoint","read_count","insertion_strand","distance_to_gene","is_distant","is_exonic","is_same_strand","classification","tss_position","distance_from_tss","is_promoter_proximal","intron_number","pct_into_transcript","is_early_intronic","sb_mechanism"
"Aifm3","72168","chr16","+",17489611,17507485,17461100,17500100,"N3-c-28",FALSE,FALSE,NA,FALSE,"chr16",17461050,17461150,17461100,12598,"-",28511,TRUE,FALSE,FALSE,"distant",17489611,-28511,FALSE,NA,-159.51,FALSE,"disruption"
"Aifm3","72168","chr16","+",17489611,17507485,17461100,17500100,"B3-c-28",FALSE,FALSE,NA,FALSE,"chr16",17463150,17463250,17463200,1109,"-",26411,TRUE,FALSE,FALSE,"distant",17489611,-26411,FALSE,NA,-147.76,FALSE,"disruption"
"Aifm3","72168","chr16","+",17489611,17507485,17461100,17500100,"N3-c-14",FALSE,FALSE,NA,FALSE,"chr16",17466050,17466150,17466100,2199,"+",23511,TRUE,FALSE,TRUE,"distant",17489611,-23511,FALSE,NA,-131.54,FALSE,"disruption"
"Aifm3","72168","chr16","+",17489611,17507485,17461100,17500100,"B3-8",FALSE,FALSE,NA,FALSE,"chr16",17470750,17470850,17470800,6650,"-",18811,TRUE,FALSE,FALSE,"distant",17489611,-18811,FALSE,NA,-105.24,FALSE,"disruption"
"Aifm3","72168","chr16","+",17489611,17507485,17461100,17500100,"N3-8",FALSE,FALSE,NA,FALSE,"chr16",17470850,17470950,17470900,2278,"-",18711,TRUE,FALSE,FALSE,"distant",17489611,-18711,FALSE,NA,-104.68,FALSE,"disruption"
"Aifm3","72168","chr16","+",17489611,17507485,17461100,17500100,"N3-3",FALSE,FALSE,NA,FALSE,"chr16",17480050,17480150,17480100,569,"+",9511,TRUE,FALSE,TRUE,"distant",17489611,-9511,FALSE,NA,-53.21,FALSE,"disruption"
"Aifm3","72168","chr16","+",17489611,17507485,17461100,17500100,"B3-2-22",TRUE,TRUE,"CMZ347",FALSE,"chr16",17485650,17485750,17485700,2731,"+",3911,TRUE,FALSE,TRUE,"distant",17489611,-3911,FALSE,NA,-21.88,FALSE,"disruption"
"Aifm3","72168","chr16","+",17489611,17507485,17461100,17500100,"N3-2-22",TRUE,TRUE,"CMZ347",FALSE,"chr16",17485650,17485750,17485700,11546,"+",3911,TRUE,FALSE,TRUE,"distant",17489611,-3911,FALSE,NA,-21.88,FALSE,"disruption"
"Arid1a","93760","chr4","-",133679008,133756769,133694000,133733000,"B-A08",TRUE,FALSE,NA,FALSE,"chr4",133693950,133694050,133694000,3185,"+",0,FALSE,TRUE,TRUE,"exonic_same",133756769,62769,FALSE,NA,80.72,FALSE,"disruption"
"Arid1a","93760","chr4","-",133679008,133756769,133694000,133733000,"N-A08",TRUE,FALSE,NA,FALSE,"chr4",133693950,133694050,133694000,2366,"+",0,FALSE,TRUE,TRUE,"exonic_same",133756769,62769,FALSE,NA,80.72,FALSE,"disruption"
"Arid1a","93760","chr4","-",133679008,133756769,133694000,133733000,"B-B09",TRUE,TRUE,"CMZ104",FALSE,"chr4",133710450,133710550,133710500,45365,"-",0,FALSE,FALSE,FALSE,"intronic_opposite",133756769,46269,FALSE,10,59.5,FALSE,"disruption"
"Arid1a","93760","chr4","-",133679008,133756769,133694000,133733000,"B-A10",FALSE,TRUE,"CMZ184",FALSE,"chr4",133711750,133711850,133711800,2213,"+",0,FALSE,FALSE,TRUE,"intronic_same",133756769,44969,FALSE,10,57.83,FALSE,"disruption"
"Arid1a","93760","chr4","-",133679008,133756769,133694000,133733000,"N-A10",FALSE,TRUE,"CMZ184",FALSE,"chr4",133711750,133711850,133711800,576,"+",0,FALSE,FALSE,TRUE,"intronic_same",133756769,44969,FALSE,10,57.83,FALSE,"disruption"
"Arid1a","93760","chr4","-",133679008,133756769,133694000,133733000,"N3-7",FALSE,FALSE,NA,FALSE,"chr4",133720150,133720250,133720200,2030,"+",0,FALSE,FALSE,TRUE,"intronic_same",133756769,36569,FALSE,8,47.03,FALSE,"disruption"
"Arid1a","93760","chr4","-",133679008,133756769,133694000,133733000,"B-B09",TRUE,TRUE,"CMZ104",FALSE,"chr4",133724450,133724550,133724500,11019,"+",0,FALSE,FALSE,TRUE,"intronic_same",133756769,32269,FALSE,3,41.5,TRUE,"activation"
"Arid1a","93760","chr4","-",133679008,133756769,133694000,133733000,"N-B09",TRUE,TRUE,"CMZ104",FALSE,"chr4",133724450,133724550,133724500,16378,"+",0,FALSE,FALSE,TRUE,"intronic_same",133756769,32269,FALSE,3,41.5,TRUE,"activation"
"Arid1a","93760","chr4","-",133679008,133756769,133694000,133733000,"N3-5",FALSE,FALSE,NA,FALSE,"chr4",133726550,133726650,133726600,830,"+",0,FALSE,FALSE,TRUE,"intronic_same",133756769,30169,FALSE,3,38.8,TRUE,"activation"
"Cxxc5","67393","chr18","+",35829397,35861688,35556000,35823000,"N3-c-28",FALSE,FALSE,NA,FALSE,"chr18",35555950,35556050,35556000,1789,"-",273397,TRUE,FALSE,FALSE,"distant",35829397,-273397,FALSE,NA,-846.67,FALSE,"disruption"
"Cxxc5","67393","chr18","+",35829397,35861688,35556000,35823000,"B3-7",FALSE,FALSE,NA,FALSE,"chr18",35569650,35569750,35569700,1193,"+",259697,TRUE,FALSE,TRUE,"distant",35829397,-259697,FALSE,NA,-804.24,FALSE,"disruption"
"Cxxc5","67393","chr18","+",35829397,35861688,35556000,35823000,"B-A10",FALSE,TRUE,"CMZ184",FALSE,"chr18",35571650,35571750,35571700,4917,"+",257697,TRUE,FALSE,TRUE,"distant",35829397,-257697,FALSE,NA,-798.05,FALSE,"disruption"
"Cxxc5","67393","chr18","+",35829397,35861688,35556000,35823000,"N-A10",FALSE,TRUE,"CMZ184",FALSE,"chr18",35571650,35571750,35571700,1946,"+",257697,TRUE,FALSE,TRUE,"distant",35829397,-257697,FALSE,NA,-798.05,FALSE,"disruption"
"Cxxc5","67393","chr18","+",35829397,35861688,35556000,35823000,"B-A01",TRUE,TRUE,"CMZ110,CMZ355",FALSE,"chr18",35576150,35576250,35576200,3214,"+",253197,TRUE,FALSE,TRUE,"distant",35829397,-253197,FALSE,NA,-784.11,FALSE,"disruption"
"Cxxc5","67393","chr18","+",35829397,35861688,35556000,35823000,"N-A01",TRUE,TRUE,"CMZ110,CMZ355",FALSE,"chr18",35576150,35576250,35576200,8152,"+",253197,TRUE,FALSE,TRUE,"distant",35829397,-253197,FALSE,NA,-784.11,FALSE,"disruption"
"Cxxc5","67393","chr18","+",35829397,35861688,35556000,35823000,"B3-c-10",TRUE,FALSE,NA,FALSE,"chr18",35577350,35577450,35577400,1648,"+",251997,TRUE,FALSE,TRUE,"distant",35829397,-251997,FALSE,NA,-780.39,FALSE,"disruption"
"Cxxc5","67393","chr18","+",35829397,35861688,35556000,35823000,"N-1-4",FALSE,FALSE,NA,FALSE,"chr18",35603650,35603750,35603700,198,"+",225697,TRUE,FALSE,TRUE,"distant",35829397,-225697,FALSE,NA,-698.95,FALSE,"disruption"
"Cxxc5","67393","chr18","+",35829397,35861688,35556000,35823000,"N-B03",FALSE,TRUE,"CMZ183",FALSE,"chr18",35612050,35612150,35612100,3638,"+",217297,TRUE,FALSE,TRUE,"distant",35829397,-217297,FALSE,NA,-672.93,FALSE,"disruption"
"Cxxc5","67393","chr18","+",35829397,35861688,35556000,35823000,"N3-2-7",TRUE,FALSE,NA,FALSE,"chr18",35788950,35789050,35789000,1160,"-",40397,TRUE,FALSE,FALSE,"distant",35829397,-40397,FALSE,NA,-125.1,FALSE,"disruption"
"Cxxc5","67393","chr18","+",35829397,35861688,35556000,35823000,"B3-2-7",TRUE,FALSE,NA,FALSE,"chr18",35788950,35789050,35789000,1029,"-",40397,TRUE,FALSE,FALSE,"distant",35829397,-40397,FALSE,NA,-125.1,FALSE,"disruption"
"Cxxc5","67393","chr18","+",35829397,35861688,35556000,35823000,"B3-1",FALSE,FALSE,NA,FALSE,"chr18",35798350,35798450,35798400,809,"+",30997,TRUE,FALSE,TRUE,"distant",35829397,-30997,FALSE,NA,-95.99,FALSE,"disruption"
"Cxxc5","67393","chr18","+",35829397,35861688,35556000,35823000,"B3-5",FALSE,FALSE,NA,FALSE,"chr18",35798850,35798950,35798900,201,"+",30497,TRUE,FALSE,TRUE,"distant",35829397,-30497,FALSE,NA,-94.44,FALSE,"disruption"
"Cxxc5","67393","chr18","+",35829397,35861688,35556000,35823000,"N-A08",TRUE,FALSE,NA,FALSE,"chr18",35800950,35801050,35801000,958,"-",28397,TRUE,FALSE,FALSE,"distant",35829397,-28397,FALSE,NA,-87.94,FALSE,"disruption"
"Cxxc5","67393","chr18","+",35829397,35861688,35556000,35823000,"N-B11",TRUE,TRUE,"CMZ105",FALSE,"chr18",35800950,35801050,35801000,23874,"-",28397,TRUE,FALSE,FALSE,"distant",35829397,-28397,FALSE,NA,-87.94,FALSE,"disruption"
"Cxxc5","67393","chr18","+",35829397,35861688,35556000,35823000,"B3-5",FALSE,FALSE,NA,FALSE,"chr18",35808550,35808650,35808600,197,"-",20797,TRUE,FALSE,FALSE,"distant",35829397,-20797,FALSE,NA,-64.4,FALSE,"disruption"
"Evi2a","14017","chr11","-",79526560,79530609,79355500,79563500,"N-A02",FALSE,TRUE,"CMZ181",FALSE,"chr11",79355450,79355550,79355500,3042,"-",171060,TRUE,FALSE,FALSE,"distant",79530609,175109,FALSE,NA,4324.75,FALSE,"disruption"
"Evi2a","14017","chr11","-",79526560,79530609,79355500,79563500,"B-2-23",FALSE,FALSE,NA,FALSE,"chr11",79376150,79376250,79376200,253,"-",150360,TRUE,FALSE,FALSE,"distant",79530609,154409,FALSE,NA,3813.51,FALSE,"disruption"
"Evi2a","14017","chr11","-",79526560,79530609,79355500,79563500,"B-1-7",FALSE,FALSE,NA,FALSE,"chr11",79383950,79384050,79384000,2667,"+",142560,TRUE,FALSE,TRUE,"distant",79530609,146609,FALSE,NA,3620.87,FALSE,"disruption"
"Evi2a","14017","chr11","-",79526560,79530609,79355500,79563500,"N-1-7",FALSE,FALSE,NA,FALSE,"chr11",79383950,79384050,79384000,411,"+",142560,TRUE,FALSE,TRUE,"distant",79530609,146609,FALSE,NA,3620.87,FALSE,"disruption"
"Evi2a","14017","chr11","-",79526560,79530609,79355500,79563500,"N-2-23",FALSE,FALSE,NA,FALSE,"chr11",79385550,79385650,79385600,13356,"-",140960,TRUE,FALSE,FALSE,"distant",79530609,145009,FALSE,NA,3581.35,FALSE,"disruption"
"Evi2a","14017","chr11","-",79526560,79530609,79355500,79563500,"N3-c-28",FALSE,FALSE,NA,FALSE,"chr11",79388650,79388750,79388700,1459,"-",137860,TRUE,FALSE,FALSE,"distant",79530609,141909,FALSE,NA,3504.79,FALSE,"disruption"
"Evi2a","14017","chr11","-",79526560,79530609,79355500,79563500,"N-2-23",FALSE,FALSE,NA,FALSE,"chr11",79388950,79389050,79389000,4704,"-",137560,TRUE,FALSE,FALSE,"distant",79530609,141609,FALSE,NA,3497.38,FALSE,"disruption"
"Evi2a","14017","chr11","-",79526560,79530609,79355500,79563500,"B-2-23",FALSE,FALSE,NA,FALSE,"chr11",79388950,79389050,79389000,443,"-",137560,TRUE,FALSE,FALSE,"distant",79530609,141609,FALSE,NA,3497.38,FALSE,"disruption"
"Evi2a","14017","chr11","-",79526560,79530609,79355500,79563500,"N3-c-9",FALSE,FALSE,NA,FALSE,"chr11",79420450,79420550,79420500,6276,"+",106060,TRUE,FALSE,TRUE,"distant",79530609,110109,FALSE,NA,2719.41,FALSE,"disruption"
"Evi2a","14017","chr11","-",79526560,79530609,79355500,79563500,"B-A05",FALSE,TRUE,"CMZ109",FALSE,"chr11",79427850,79427950,79427900,12953,"+",98660,TRUE,FALSE,TRUE,"distant",79530609,102709,FALSE,NA,2536.65,FALSE,"disruption"
"Evi2a","14017","chr11","-",79526560,79530609,79355500,79563500,"N-A05",FALSE,TRUE,"CMZ109",FALSE,"chr11",79427850,79427950,79427900,1593,"+",98660,TRUE,FALSE,TRUE,"distant",79530609,102709,FALSE,NA,2536.65,FALSE,"disruption"
"Evi2a","14017","chr11","-",79526560,79530609,79355500,79563500,"B3-19",FALSE,FALSE,NA,FALSE,"chr11",79440050,79440150,79440100,2070,"+",86460,TRUE,FALSE,TRUE,"distant",79530609,90509,FALSE,NA,2235.34,FALSE,"disruption"
"Evi2a","14017","chr11","-",79526560,79530609,79355500,79563500,"B-A11",FALSE,TRUE,"CMZ103",FALSE,"chr11",79441950,79442050,79442000,1298,"+",84560,TRUE,FALSE,TRUE,"distant",79530609,88609,FALSE,NA,2188.42,FALSE,"disruption"
"Evi2a","14017","chr11","-",79526560,79530609,79355500,79563500,"N-A11",FALSE,TRUE,"CMZ103",FALSE,"chr11",79441950,79442050,79442000,1582,"+",84560,TRUE,FALSE,TRUE,"distant",79530609,88609,FALSE,NA,2188.42,FALSE,"disruption"
"Evi2a","14017","chr11","-",79526560,79530609,79355500,79563500,"N-A11",FALSE,TRUE,"CMZ103",FALSE,"chr11",79442150,79442250,79442200,3636,"-",84360,TRUE,FALSE,FALSE,"distant",79530609,88409,FALSE,NA,2183.48,FALSE,"disruption"
"Evi2a","14017","chr11","-",79526560,79530609,79355500,79563500,"B-A11",FALSE,TRUE,"CMZ103",FALSE,"chr11",79442150,79442250,79442200,4804,"-",84360,TRUE,FALSE,FALSE,"distant",79530609,88409,FALSE,NA,2183.48,FALSE,"disruption"
"Evi2a","14017","chr11","-",79526560,79530609,79355500,79563500,"B3-19",FALSE,FALSE,NA,FALSE,"chr11",79456050,79456150,79456100,7220,"+",70460,TRUE,FALSE,TRUE,"distant",79530609,74509,FALSE,NA,1840.18,FALSE,"disruption"
"Evi2a","14017","chr11","-",79526560,79530609,79355500,79563500,"N-A11",FALSE,TRUE,"CMZ103",FALSE,"chr11",79486950,79487050,79487000,1343,"-",39560,TRUE,FALSE,FALSE,"distant",79530609,43609,FALSE,NA,1077.03,FALSE,"disruption"
"Evi2a","14017","chr11","-",79526560,79530609,79355500,79563500,"N3-15",FALSE,FALSE,NA,FALSE,"chr11",79487750,79487850,79487800,13069,"-",38760,TRUE,FALSE,FALSE,"distant",79530609,42809,FALSE,NA,1057.27,FALSE,"disruption"
"Evi2a","14017","chr11","-",79526560,79530609,79355500,79563500,"B3-15",FALSE,FALSE,NA,FALSE,"chr11",79487750,79487850,79487800,19769,"-",38760,TRUE,FALSE,FALSE,"distant",79530609,42809,FALSE,NA,1057.27,FALSE,"disruption"
"Evi2a","14017","chr11","-",79526560,79530609,79355500,79563500,"B3-c-10",TRUE,FALSE,NA,FALSE,"chr11",79499150,79499250,79499200,1732,"-",27360,TRUE,FALSE,FALSE,"distant",79530609,31409,FALSE,NA,775.72,FALSE,"disruption"
"Evi2a","14017","chr11","-",79526560,79530609,79355500,79563500,"B3-14",FALSE,FALSE,NA,FALSE,"chr11",79517450,79517550,79517500,399,"-",9060,TRUE,FALSE,FALSE,"distant",79530609,13109,FALSE,NA,323.76,FALSE,"disruption"
"Evi2a","14017","chr11","-",79526560,79530609,79355500,79563500,"B3-3",FALSE,FALSE,NA,FALSE,"chr11",79553550,79553650,79553600,2116,"-",22991,TRUE,FALSE,FALSE,"distant",79530609,-22991,FALSE,NA,-567.82,FALSE,"disruption"
"Evi2a","14017","chr11","-",79526560,79530609,79355500,79563500,"B3-19",FALSE,FALSE,NA,FALSE,"chr11",79553650,79553750,79553700,2104,"-",23091,TRUE,FALSE,FALSE,"distant",79530609,-23091,FALSE,NA,-570.29,FALSE,"disruption"
"Evi2a","14017","chr11","-",79526560,79530609,79355500,79563500,"N3-1-13",FALSE,TRUE,"CMZ182,CMZ357",FALSE,"chr11",79558950,79559050,79559000,1278,"-",28391,TRUE,FALSE,FALSE,"distant",79530609,-28391,FALSE,NA,-701.19,FALSE,"disruption"
"Evi2a","14017","chr11","-",79526560,79530609,79355500,79563500,"N-A07",FALSE,TRUE,"CMZ182,CMZ357",FALSE,"chr11",79558950,79559050,79559000,111,"-",28391,TRUE,FALSE,FALSE,"distant",79530609,-28391,FALSE,NA,-701.19,FALSE,"disruption"
"Ezh2","14056","chr6","-",47530139,47595341,47410000,47618000,"N3-6",TRUE,FALSE,NA,FALSE,"chr6",47409950,47410050,47410000,760,"+",120139,TRUE,FALSE,TRUE,"distant",47595341,185341,FALSE,NA,284.26,FALSE,"disruption"
"Ezh2","14056","chr6","-",47530139,47595341,47410000,47618000,"B3-c-28",FALSE,FALSE,NA,FALSE,"chr6",47457150,47457250,47457200,574,"-",72939,TRUE,FALSE,FALSE,"distant",47595341,138141,FALSE,NA,211.87,FALSE,"disruption"
"Ezh2","14056","chr6","-",47530139,47595341,47410000,47618000,"B-1-10",FALSE,FALSE,NA,FALSE,"chr6",47463850,47463950,47463900,39,"-",66239,TRUE,FALSE,FALSE,"distant",47595341,131441,FALSE,NA,201.59,FALSE,"disruption"
"Ezh2","14056","chr6","-",47530139,47595341,47410000,47618000,"N-A02",FALSE,TRUE,"CMZ181",FALSE,"chr6",47469250,47469350,47469300,727,"+",60839,TRUE,FALSE,TRUE,"distant",47595341,126041,FALSE,NA,193.31,FALSE,"disruption"
"Ezh2","14056","chr6","-",47530139,47595341,47410000,47618000,"N3-1-5",TRUE,TRUE,"CMZ108",FALSE,"chr6",47485350,47485450,47485400,17094,"-",44739,TRUE,FALSE,FALSE,"distant",47595341,109941,FALSE,NA,168.62,FALSE,"disruption"
"Ezh2","14056","chr6","-",47530139,47595341,47410000,47618000,"N-B07",TRUE,TRUE,"CMZ107",FALSE,"chr6",47485350,47485450,47485400,4626,"-",44739,TRUE,FALSE,FALSE,"distant",47595341,109941,FALSE,NA,168.62,FALSE,"disruption"
"Ezh2","14056","chr6","-",47530139,47595341,47410000,47618000,"N-B04",TRUE,TRUE,"CMZ108",FALSE,"chr6",47485350,47485450,47485400,8656,"-",44739,TRUE,FALSE,FALSE,"distant",47595341,109941,FALSE,NA,168.62,FALSE,"disruption"
"Ezh2","14056","chr6","-",47530139,47595341,47410000,47618000,"B3-14",FALSE,FALSE,NA,FALSE,"chr6",47494150,47494250,47494200,433,"-",35939,TRUE,FALSE,FALSE,"distant",47595341,101141,FALSE,NA,155.12,FALSE,"disruption"
"Ezh2","14056","chr6","-",47530139,47595341,47410000,47618000,"B-2-21",FALSE,TRUE,"CMZ353",FALSE,"chr6",47511650,47511750,47511700,1047,"-",18439,TRUE,FALSE,FALSE,"distant",47595341,83641,FALSE,NA,128.28,FALSE,"disruption"
"Ezh2","14056","chr6","-",47530139,47595341,47410000,47618000,"B-B03",FALSE,TRUE,"CMZ183",FALSE,"chr6",47512450,47512550,47512500,11288,"+",17639,TRUE,FALSE,TRUE,"distant",47595341,82841,FALSE,NA,127.05,FALSE,"disruption"
"Ezh2","14056","chr6","-",47530139,47595341,47410000,47618000,"N-B03",FALSE,TRUE,"CMZ183",FALSE,"chr6",47512450,47512550,47512500,72591,"+",17639,TRUE,FALSE,TRUE,"distant",47595341,82841,FALSE,NA,127.05,FALSE,"disruption"
"Ezh2","14056","chr6","-",47530139,47595341,47410000,47618000,"N3-c-9",FALSE,FALSE,NA,FALSE,"chr6",47575250,47575350,47575300,8573,"-",0,FALSE,FALSE,FALSE,"intronic_opposite",47595341,20041,FALSE,8,30.74,FALSE,"disruption"
"Ezh2","14056","chr6","-",47530139,47595341,47410000,47618000,"B3-c-14",FALSE,FALSE,NA,FALSE,"chr6",47575250,47575350,47575300,1529,"-",0,FALSE,FALSE,FALSE,"intronic_opposite",47595341,20041,FALSE,8,30.74,FALSE,"disruption"
"Ezh2","14056","chr6","-",47530139,47595341,47410000,47618000,"B-2-15",FALSE,FALSE,NA,FALSE,"chr6",47584450,47584550,47584500,2197,"+",0,FALSE,FALSE,TRUE,"intronic_same",47595341,10841,FALSE,3,16.63,TRUE,"activation"
"Ezh2","14056","chr6","-",47530139,47595341,47410000,47618000,"B-B04",TRUE,TRUE,"CMZ108",FALSE,"chr6",47586450,47586550,47586500,1720,"+",0,FALSE,FALSE,TRUE,"intronic_same",47595341,8841,FALSE,3,13.56,TRUE,"activation"
"Ezh2","14056","chr6","-",47530139,47595341,47410000,47618000,"N-B10",FALSE,FALSE,NA,FALSE,"chr6",47616350,47616450,47616400,308,"-",21059,TRUE,FALSE,FALSE,"distant",47595341,-21059,FALSE,NA,-32.3,FALSE,"disruption"
"Gdi2","14569","chr13","+",3538063,3567871,3562500,3601500,"N-2-21",FALSE,TRUE,"CMZ353",FALSE,"chr13",3562450,3562550,3562500,427,"-",0,FALSE,FALSE,FALSE,"intronic_opposite",3538063,24437,FALSE,26,81.98,FALSE,"disruption"
"Gdi2","14569","chr13","+",3538063,3567871,3562500,3601500,"B-2-21",FALSE,TRUE,"CMZ353",FALSE,"chr13",3562450,3562550,3562500,4830,"-",0,FALSE,FALSE,FALSE,"intronic_opposite",3538063,24437,FALSE,26,81.98,FALSE,"disruption"
"Gdi2","14569","chr13","+",3538063,3567871,3562500,3601500,"B3-1-15",TRUE,TRUE,"CMZ111,CMZ356",FALSE,"chr13",3567950,3568050,3568000,11808,"-",129,FALSE,FALSE,FALSE,"intronic_opposite",3538063,29937,FALSE,NA,100.43,FALSE,"disruption"
"Gdi2","14569","chr13","+",3538063,3567871,3562500,3601500,"B-A03",TRUE,TRUE,"CMZ111,CMZ356",FALSE,"chr13",3567950,3568050,3568000,9440,"-",129,FALSE,FALSE,FALSE,"intronic_opposite",3538063,29937,FALSE,NA,100.43,FALSE,"disruption"
"Gdi2","14569","chr13","+",3538063,3567871,3562500,3601500,"N3-2",FALSE,FALSE,NA,FALSE,"chr13",3572650,3572750,3572700,1313,"-",4829,TRUE,FALSE,FALSE,"distant",3538063,34637,FALSE,NA,116.2,FALSE,"disruption"
"Gdi2","14569","chr13","+",3538063,3567871,3562500,3601500,"B3-8",FALSE,FALSE,NA,FALSE,"chr13",3600250,3600350,3600300,6002,"-",32429,TRUE,FALSE,FALSE,"distant",3538063,62237,FALSE,NA,208.79,FALSE,"disruption"
"Gdi2","14569","chr13","+",3538063,3567871,3562500,3601500,"B3-11",FALSE,FALSE,NA,FALSE,"chr13",3600250,3600350,3600300,4833,"-",32429,TRUE,FALSE,FALSE,"distant",3538063,62237,FALSE,NA,208.79,FALSE,"disruption"
"Gdi2","14569","chr13","+",3538063,3567871,3562500,3601500,"N3-14",FALSE,FALSE,NA,FALSE,"chr13",3601250,3601350,3601300,1106,"+",33429,TRUE,FALSE,TRUE,"distant",3538063,63237,FALSE,NA,212.15,FALSE,"disruption"
"Golph3","66629","chr15","+",12321450,12351591,12119700,12386700,"N3-14",FALSE,FALSE,NA,FALSE,"chr15",12119650,12119750,12119700,969,"-",201750,TRUE,FALSE,FALSE,"distant",12321450,-201750,FALSE,NA,-669.35,FALSE,"disruption"
"Golph3","66629","chr15","+",12321450,12351591,12119700,12386700,"B3-c-32",TRUE,FALSE,NA,FALSE,"chr15",12122550,12122650,12122600,12580,"-",198850,TRUE,FALSE,FALSE,"distant",12321450,-198850,FALSE,NA,-659.73,FALSE,"disruption"
"Golph3","66629","chr15","+",12321450,12351591,12119700,12386700,"B3-2-36",TRUE,FALSE,NA,FALSE,"chr15",12122550,12122650,12122600,21231,"-",198850,TRUE,FALSE,FALSE,"distant",12321450,-198850,FALSE,NA,-659.73,FALSE,"disruption"
"Golph3","66629","chr15","+",12321450,12351591,12119700,12386700,"B-B08",TRUE,TRUE,"CMZ106",FALSE,"chr15",12130750,12130850,12130800,505,"+",190650,TRUE,FALSE,TRUE,"distant",12321450,-190650,FALSE,NA,-632.53,FALSE,"disruption"
"Golph3","66629","chr15","+",12321450,12351591,12119700,12386700,"N-B02",TRUE,FALSE,NA,FALSE,"chr15",12139150,12139250,12139200,407,"+",182250,TRUE,FALSE,TRUE,"distant",12321450,-182250,FALSE,NA,-604.66,FALSE,"disruption"
"Golph3","66629","chr15","+",12321450,12351591,12119700,12386700,"N3-2-21",FALSE,FALSE,NA,FALSE,"chr15",12162250,12162350,12162300,892,"+",159150,TRUE,FALSE,TRUE,"distant",12321450,-159150,FALSE,NA,-528.02,FALSE,"disruption"
"Golph3","66629","chr15","+",12321450,12351591,12119700,12386700,"N-2-26",TRUE,TRUE,"CMZ347",FALSE,"chr15",12189650,12189750,12189700,2917,"+",131750,TRUE,FALSE,TRUE,"distant",12321450,-131750,FALSE,NA,-437.11,FALSE,"disruption"
"Golph3","66629","chr15","+",12321450,12351591,12119700,12386700,"B3-14",FALSE,FALSE,NA,FALSE,"chr15",12336850,12336950,12336900,1607,"-",0,FALSE,FALSE,FALSE,"intronic_opposite",12321450,15450,FALSE,4,51.26,FALSE,"disruption"
"Golph3","66629","chr15","+",12321450,12351591,12119700,12386700,"B-3-4",FALSE,FALSE,NA,FALSE,"chr15",12338550,12338650,12338600,840,"-",0,FALSE,FALSE,FALSE,"intronic_opposite",12321450,17150,FALSE,4,56.9,FALSE,"disruption"
"Golph3","66629","chr15","+",12321450,12351591,12119700,12386700,"B3-c-28",FALSE,FALSE,NA,FALSE,"chr15",12342650,12342750,12342700,1748,"+",0,FALSE,FALSE,TRUE,"intronic_same",12321450,21250,FALSE,5,70.5,FALSE,"disruption"
"Golph3","66629","chr15","+",12321450,12351591,12119700,12386700,"B-A12",FALSE,FALSE,NA,FALSE,"chr15",12361650,12361750,12361700,1596,"+",10109,TRUE,FALSE,TRUE,"distant",12321450,40250,FALSE,NA,133.54,FALSE,"disruption"
"Msi2","76626","chr11","-",88339382,88718513,88528300,88598300,"N-B10",FALSE,FALSE,NA,FALSE,"chr11",88528250,88528350,88528300,288,"-",0,FALSE,FALSE,FALSE,"intronic_opposite",88718513,190213,FALSE,15,50.17,FALSE,"disruption"
"Msi2","76626","chr11","-",88339382,88718513,88528300,88598300,"B-1-2",TRUE,TRUE,"CMZ346",FALSE,"chr11",88553650,88553750,88553700,398,"+",0,FALSE,FALSE,TRUE,"intronic_same",88718513,164813,FALSE,15,43.47,FALSE,"disruption"
"Msi2","76626","chr11","-",88339382,88718513,88528300,88598300,"B-A03",TRUE,TRUE,"CMZ111,CMZ356",FALSE,"chr11",88571750,88571850,88571800,21515,"+",0,FALSE,FALSE,TRUE,"intronic_same",88718513,146713,FALSE,15,38.7,FALSE,"disruption"
"Msi2","76626","chr11","-",88339382,88718513,88528300,88598300,"B-A08",TRUE,FALSE,NA,FALSE,"chr11",88571750,88571850,88571800,2850,"+",0,FALSE,FALSE,TRUE,"intronic_same",88718513,146713,FALSE,15,38.7,FALSE,"disruption"
"Msi2","76626","chr11","-",88339382,88718513,88528300,88598300,"B3-1-15",TRUE,TRUE,"CMZ111,CMZ356",FALSE,"chr11",88571750,88571850,88571800,26255,"+",0,FALSE,FALSE,TRUE,"intronic_same",88718513,146713,FALSE,15,38.7,FALSE,"disruption"
"Msi2","76626","chr11","-",88339382,88718513,88528300,88598300,"N-A03",TRUE,TRUE,"CMZ111,CMZ356",FALSE,"chr11",88571750,88571850,88571800,3021,"+",0,FALSE,FALSE,TRUE,"intronic_same",88718513,146713,FALSE,15,38.7,FALSE,"disruption"
"Msi2","76626","chr11","-",88339382,88718513,88528300,88598300,"N3-1-15",TRUE,TRUE,"CMZ111,CMZ356",FALSE,"chr11",88571750,88571850,88571800,10521,"+",0,FALSE,FALSE,TRUE,"intronic_same",88718513,146713,FALSE,15,38.7,FALSE,"disruption"
"Msi2","76626","chr11","-",88339382,88718513,88528300,88598300,"B-2-25",FALSE,TRUE,"CMZ349",FALSE,"chr11",88571850,88571950,88571900,3259,"-",0,FALSE,FALSE,FALSE,"intronic_opposite",88718513,146613,FALSE,15,38.67,FALSE,"disruption"
"Msi2","76626","chr11","-",88339382,88718513,88528300,88598300,"N-1-2",TRUE,TRUE,"CMZ346",FALSE,"chr11",88596950,88597050,88597000,285,"-",0,FALSE,FALSE,FALSE,"intronic_opposite",88718513,121513,FALSE,14,32.05,FALSE,"disruption"
"Msi2","76626","chr11","-",88339382,88718513,88528300,88598300,"N-2-15",FALSE,FALSE,NA,FALSE,"chr11",88597250,88597350,88597300,348,"+",0,FALSE,FALSE,TRUE,"intronic_same",88718513,121213,FALSE,14,31.97,FALSE,"disruption"
"Nisch","64652","chr14","-",31170930,31216946,31025800,31233800,"B3-c-10",TRUE,FALSE,NA,FALSE,"chr14",31025750,31025850,31025800,3335,"+",145130,TRUE,FALSE,TRUE,"distant",31216946,191146,FALSE,NA,415.39,FALSE,"disruption"
"Nisch","64652","chr14","-",31170930,31216946,31025800,31233800,"N-A01",TRUE,TRUE,"CMZ110,CMZ355",FALSE,"chr14",31026750,31026850,31026800,4567,"+",144130,TRUE,FALSE,TRUE,"distant",31216946,190146,FALSE,NA,413.22,FALSE,"disruption"
"Nisch","64652","chr14","-",31170930,31216946,31025800,31233800,"B3-c-10",TRUE,FALSE,NA,FALSE,"chr14",31030750,31030850,31030800,6185,"+",140130,TRUE,FALSE,TRUE,"distant",31216946,186146,FALSE,NA,404.52,FALSE,"disruption"
"Nisch","64652","chr14","-",31170930,31216946,31025800,31233800,"B-B11",TRUE,TRUE,"CMZ105",FALSE,"chr14",31041250,31041350,31041300,4371,"-",129630,TRUE,FALSE,FALSE,"distant",31216946,175646,FALSE,NA,381.71,FALSE,"disruption"
"Nisch","64652","chr14","-",31170930,31216946,31025800,31233800,"B3-c-10",TRUE,FALSE,NA,FALSE,"chr14",31051250,31051350,31051300,4840,"+",119630,TRUE,FALSE,TRUE,"distant",31216946,165646,FALSE,NA,359.97,FALSE,"disruption"
"Nisch","64652","chr14","-",31170930,31216946,31025800,31233800,"N3-c-10",TRUE,FALSE,NA,FALSE,"chr14",31059750,31059850,31059800,9919,"-",111130,TRUE,FALSE,FALSE,"distant",31216946,157146,FALSE,NA,341.5,FALSE,"disruption"
"Nisch","64652","chr14","-",31170930,31216946,31025800,31233800,"B3-12",FALSE,FALSE,NA,FALSE,"chr14",31104250,31104350,31104300,764,"-",66630,TRUE,FALSE,FALSE,"distant",31216946,112646,FALSE,NA,244.8,FALSE,"disruption"
"Nisch","64652","chr14","-",31170930,31216946,31025800,31233800,"N3-1-13",FALSE,TRUE,"CMZ182,CMZ357",FALSE,"chr14",31107550,31107650,31107600,1312,"-",63330,TRUE,FALSE,FALSE,"distant",31216946,109346,FALSE,NA,237.63,FALSE,"disruption"
"Nisch","64652","chr14","-",31170930,31216946,31025800,31233800,"B3-1-13",FALSE,TRUE,"CMZ182,CMZ357",FALSE,"chr14",31107550,31107650,31107600,570,"-",63330,TRUE,FALSE,FALSE,"distant",31216946,109346,FALSE,NA,237.63,FALSE,"disruption"
"Nisch","64652","chr14","-",31170930,31216946,31025800,31233800,"N3-c-28",FALSE,FALSE,NA,FALSE,"chr14",31126550,31126650,31126600,1916,"-",44330,TRUE,FALSE,FALSE,"distant",31216946,90346,FALSE,NA,196.34,FALSE,"disruption"
"Nisch","64652","chr14","-",31170930,31216946,31025800,31233800,"B3-c-28",FALSE,FALSE,NA,FALSE,"chr14",31126550,31126650,31126600,1075,"-",44330,TRUE,FALSE,FALSE,"distant",31216946,90346,FALSE,NA,196.34,FALSE,"disruption"
"Nisch","64652","chr14","-",31170930,31216946,31025800,31233800,"N3-21",FALSE,FALSE,NA,FALSE,"chr14",31205050,31205150,31205100,2339,"-",0,FALSE,FALSE,FALSE,"intronic_opposite",31216946,11846,FALSE,6,25.74,FALSE,"disruption"
"Nisch","64652","chr14","-",31170930,31216946,31025800,31233800,"N-3-4",FALSE,FALSE,NA,FALSE,"chr14",31205050,31205150,31205100,1477,"-",0,FALSE,FALSE,FALSE,"intronic_opposite",31216946,11846,FALSE,6,25.74,FALSE,"disruption"
"Nisch","64652","chr14","-",31170930,31216946,31025800,31233800,"B3-21",FALSE,FALSE,NA,FALSE,"chr14",31205050,31205150,31205100,36332,"-",0,FALSE,FALSE,FALSE,"intronic_opposite",31216946,11846,FALSE,6,25.74,FALSE,"disruption"
"Nisch","64652","chr14","-",31170930,31216946,31025800,31233800,"B-3-4",FALSE,FALSE,NA,FALSE,"chr14",31205050,31205150,31205100,6340,"-",0,FALSE,FALSE,FALSE,"intronic_opposite",31216946,11846,FALSE,6,25.74,FALSE,"disruption"
"Ppp2r2a","71978","chr14","-",67014056,67072444,67004500,67043500,"N3-9",FALSE,FALSE,NA,FALSE,"chr14",67004450,67004550,67004500,3642,"-",9556,TRUE,FALSE,FALSE,"distant",67072444,67944,FALSE,NA,116.37,FALSE,"disruption"
"Ppp2r2a","71978","chr14","-",67014056,67072444,67004500,67043500,"B3-9",FALSE,FALSE,NA,FALSE,"chr14",67004450,67004550,67004500,6240,"-",9556,TRUE,FALSE,FALSE,"distant",67072444,67944,FALSE,NA,116.37,FALSE,"disruption"
"Ppp2r2a","71978","chr14","-",67014056,67072444,67004500,67043500,"N3-1-13",FALSE,TRUE,"CMZ182,CMZ357",FALSE,"chr14",67020450,67020550,67020500,1129,"-",0,FALSE,FALSE,FALSE,"intronic_opposite",67072444,51944,FALSE,15,88.96,FALSE,"disruption"
"Ppp2r2a","71978","chr14","-",67014056,67072444,67004500,67043500,"B-B02",TRUE,FALSE,NA,FALSE,"chr14",67024750,67024850,67024800,3953,"-",0,FALSE,FALSE,FALSE,"intronic_opposite",67072444,47644,FALSE,9,81.6,FALSE,"disruption"
"Ppp2r2a","71978","chr14","-",67014056,67072444,67004500,67043500,"N3-7",FALSE,FALSE,NA,FALSE,"chr14",67032950,67033050,67033000,2489,"+",0,FALSE,FALSE,TRUE,"intronic_same",67072444,39444,FALSE,8,67.55,FALSE,"disruption"
"Ppp2r2a","71978","chr14","-",67014056,67072444,67004500,67043500,"N3-8",FALSE,FALSE,NA,FALSE,"chr14",67039550,67039650,67039600,10330,"-",0,FALSE,FALSE,FALSE,"intronic_opposite",67072444,32844,FALSE,6,56.25,FALSE,"disruption"
"Ppp2r2a","71978","chr14","-",67014056,67072444,67004500,67043500,"N3-11",FALSE,FALSE,NA,FALSE,"chr14",67039550,67039650,67039600,2635,"-",0,FALSE,FALSE,FALSE,"intronic_opposite",67072444,32844,FALSE,6,56.25,FALSE,"disruption"
"Ppp2r2a","71978","chr14","-",67014056,67072444,67004500,67043500,"B3-8",FALSE,FALSE,NA,FALSE,"chr14",67039550,67039650,67039600,16433,"-",0,FALSE,FALSE,FALSE,"intronic_opposite",67072444,32844,FALSE,6,56.25,FALSE,"disruption"
"Ppp2r2a","71978","chr14","-",67014056,67072444,67004500,67043500,"B3-11",FALSE,FALSE,NA,FALSE,"chr14",67039550,67039650,67039600,14520,"-",0,FALSE,FALSE,FALSE,"intronic_opposite",67072444,32844,FALSE,6,56.25,FALSE,"disruption"
"Prkci","18759","chr3","+",30995747,31052959,31013600,31122600,"N-A05",FALSE,TRUE,"CMZ109",FALSE,"chr3",31013550,31013650,31013600,1400,"+",0,FALSE,FALSE,TRUE,"intronic_same",30995747,17853,FALSE,2,31.2,TRUE,"activation"
"Prkci","18759","chr3","+",30995747,31052959,31013600,31122600,"N3-15",FALSE,FALSE,NA,FALSE,"chr3",31021650,31021750,31021700,810,"+",0,FALSE,FALSE,TRUE,"intronic_same",30995747,25953,FALSE,3,45.36,TRUE,"activation"
"Prkci","18759","chr3","+",30995747,31052959,31013600,31122600,"B-1-4",FALSE,FALSE,NA,FALSE,"chr3",31039850,31039950,31039900,14,"+",0,FALSE,TRUE,TRUE,"exonic_same",30995747,44153,FALSE,NA,77.17,FALSE,"disruption"
"Prkci","18759","chr3","+",30995747,31052959,31013600,31122600,"B3-6",TRUE,FALSE,NA,FALSE,"chr3",31088250,31088350,31088300,18480,"+",35341,TRUE,FALSE,TRUE,"distant",30995747,92553,FALSE,NA,161.77,FALSE,"disruption"
"Prkci","18759","chr3","+",30995747,31052959,31013600,31122600,"N3-6",TRUE,FALSE,NA,FALSE,"chr3",31088250,31088350,31088300,7206,"+",35341,TRUE,FALSE,TRUE,"distant",30995747,92553,FALSE,NA,161.77,FALSE,"disruption"
"Prkci","18759","chr3","+",30995747,31052959,31013600,31122600,"N3-6",TRUE,FALSE,NA,FALSE,"chr3",31091950,31092050,31092000,800,"+",39041,TRUE,FALSE,TRUE,"distant",30995747,96253,FALSE,NA,168.24,FALSE,"disruption"
"Prkci","18759","chr3","+",30995747,31052959,31013600,31122600,"N-2-21",FALSE,TRUE,"CMZ353",FALSE,"chr3",31104350,31104450,31104400,112,"+",51441,TRUE,FALSE,TRUE,"distant",30995747,108653,FALSE,NA,189.91,FALSE,"disruption"
"Prkci","18759","chr3","+",30995747,31052959,31013600,31122600,"B-A04",FALSE,TRUE,"CMZ101",FALSE,"chr3",31108950,31109050,31109000,8353,"+",56041,TRUE,FALSE,TRUE,"distant",30995747,113253,FALSE,NA,197.95,FALSE,"disruption"
"Prkci","18759","chr3","+",30995747,31052959,31013600,31122600,"N-A04",FALSE,TRUE,"CMZ101",FALSE,"chr3",31108950,31109050,31109000,16274,"+",56041,TRUE,FALSE,TRUE,"distant",30995747,113253,FALSE,NA,197.95,FALSE,"disruption"
"Rad21","19357","chr15","-",51962240,51991747,51837400,51992400,"N-2-21",FALSE,TRUE,"CMZ353",FALSE,"chr15",51837350,51837450,51837400,118,"-",124840,TRUE,FALSE,FALSE,"distant",51991747,154347,FALSE,NA,523.09,FALSE,"disruption"
"Rad21","19357","chr15","-",51962240,51991747,51837400,51992400,"N-3-1",FALSE,FALSE,NA,FALSE,"chr15",51837850,51837950,51837900,586,"-",124340,TRUE,FALSE,FALSE,"distant",51991747,153847,FALSE,NA,521.39,FALSE,"disruption"
"Rad21","19357","chr15","-",51962240,51991747,51837400,51992400,"B-3-1",FALSE,FALSE,NA,FALSE,"chr15",51837850,51837950,51837900,442,"-",124340,TRUE,FALSE,FALSE,"distant",51991747,153847,FALSE,NA,521.39,FALSE,"disruption"
"Rad21","19357","chr15","-",51962240,51991747,51837400,51992400,"N-2-9",TRUE,TRUE,"CMZ344",FALSE,"chr15",51841950,51842050,51842000,5832,"+",120240,TRUE,FALSE,TRUE,"distant",51991747,149747,FALSE,NA,507.5,FALSE,"disruption"
"Rad21","19357","chr15","-",51962240,51991747,51837400,51992400,"N-B05",FALSE,FALSE,NA,FALSE,"chr15",51852650,51852750,51852700,10606,"-",109540,TRUE,FALSE,FALSE,"distant",51991747,139047,FALSE,NA,471.23,FALSE,"disruption"
"Rad21","19357","chr15","-",51962240,51991747,51837400,51992400,"B-B05",FALSE,FALSE,NA,FALSE,"chr15",51852650,51852750,51852700,11383,"-",109540,TRUE,FALSE,FALSE,"distant",51991747,139047,FALSE,NA,471.23,FALSE,"disruption"
"Rad21","19357","chr15","-",51962240,51991747,51837400,51992400,"B-1-10",FALSE,FALSE,NA,FALSE,"chr15",51968050,51968150,51968100,61,"+",0,FALSE,FALSE,TRUE,"intronic_same",51991747,23647,FALSE,11,80.14,FALSE,"disruption"
"Rad21","19357","chr15","-",51962240,51991747,51837400,51992400,"B-B03",FALSE,TRUE,"CMZ183",FALSE,"chr15",51982850,51982950,51982900,11412,"+",0,FALSE,FALSE,TRUE,"intronic_same",51991747,8847,FALSE,2,29.98,TRUE,"activation"
"Rad21","19357","chr15","-",51962240,51991747,51837400,51992400,"N-B03",FALSE,TRUE,"CMZ183",FALSE,"chr15",51982850,51982950,51982900,35445,"+",0,FALSE,FALSE,TRUE,"intronic_same",51991747,8847,FALSE,2,29.98,TRUE,"activation"
"Rad21","19357","chr15","-",51962240,51991747,51837400,51992400,"N3-3",FALSE,FALSE,NA,FALSE,"chr15",51983450,51983550,51983500,358,"+",0,FALSE,FALSE,TRUE,"intronic_same",51991747,8247,FALSE,2,27.95,TRUE,"activation"
"Rad21","19357","chr15","-",51962240,51991747,51837400,51992400,"B3-9",FALSE,FALSE,NA,FALSE,"chr15",51989350,51989450,51989400,7578,"+",0,FALSE,FALSE,TRUE,"intronic_same",51991747,2347,FALSE,2,7.95,TRUE,"activation"
"Rad21","19357","chr15","-",51962240,51991747,51837400,51992400,"N3-9",FALSE,FALSE,NA,FALSE,"chr15",51989350,51989450,51989400,7140,"+",0,FALSE,FALSE,TRUE,"intronic_same",51991747,2347,FALSE,2,7.95,TRUE,"activation"
"Sirt1","93759","chr10","-",63319005,63381704,63299400,63338400,"N3-9",FALSE,FALSE,NA,FALSE,"chr10",63299350,63299450,63299400,2907,"-",19605,TRUE,FALSE,FALSE,"distant",63381704,82304,FALSE,NA,131.27,FALSE,"disruption"
"Sirt1","93759","chr10","-",63319005,63381704,63299400,63338400,"B3-9",FALSE,FALSE,NA,FALSE,"chr10",63299350,63299450,63299400,10939,"-",19605,TRUE,FALSE,FALSE,"distant",63381704,82304,FALSE,NA,131.27,FALSE,"disruption"
"Sirt1","93759","chr10","-",63319005,63381704,63299400,63338400,"N3-1-15",TRUE,TRUE,"CMZ111,CMZ356",FALSE,"chr10",63323750,63323850,63323800,875,"+",0,FALSE,FALSE,TRUE,"intronic_same",63381704,57904,FALSE,18,92.35,FALSE,"disruption"
"Sirt1","93759","chr10","-",63319005,63381704,63299400,63338400,"B3-1-15",TRUE,TRUE,"CMZ111,CMZ356",FALSE,"chr10",63325650,63325750,63325700,905,"-",0,FALSE,FALSE,FALSE,"intronic_opposite",63381704,56004,FALSE,15,89.32,FALSE,"disruption"
"Sirt1","93759","chr10","-",63319005,63381704,63299400,63338400,"N-A03",TRUE,TRUE,"CMZ111,CMZ356",FALSE,"chr10",63326350,63326450,63326400,2541,"+",0,FALSE,FALSE,TRUE,"intronic_same",63381704,55304,FALSE,14,88.21,FALSE,"disruption"
"Sirt1","93759","chr10","-",63319005,63381704,63299400,63338400,"N3-1-15",TRUE,TRUE,"CMZ111,CMZ356",FALSE,"chr10",63326350,63326450,63326400,4148,"+",0,FALSE,FALSE,TRUE,"intronic_same",63381704,55304,FALSE,14,88.21,FALSE,"disruption"
"Sirt1","93759","chr10","-",63319005,63381704,63299400,63338400,"B-A03",TRUE,TRUE,"CMZ111,CMZ356",FALSE,"chr10",63326450,63326550,63326500,11091,"+",0,FALSE,FALSE,TRUE,"intronic_same",63381704,55204,FALSE,14,88.05,FALSE,"disruption"
"Sirt1","93759","chr10","-",63319005,63381704,63299400,63338400,"B3-1-15",TRUE,TRUE,"CMZ111,CMZ356",FALSE,"chr10",63326450,63326550,63326500,8195,"+",0,FALSE,FALSE,TRUE,"intronic_same",63381704,55204,FALSE,14,88.05,FALSE,"disruption"
"Spred1","114715","chr2","+",117121374,117182279,117126100,117196100,"B3-19",FALSE,FALSE,NA,FALSE,"chr2",117126050,117126150,117126100,2171,"-",0,FALSE,FALSE,FALSE,"intronic_opposite",117121374,4726,FALSE,2,7.76,FALSE,"disruption"
"Spred1","114715","chr2","+",117121374,117182279,117126100,117196100,"N-2-23",FALSE,FALSE,NA,FALSE,"chr2",117146350,117146450,117146400,17820,"-",0,FALSE,FALSE,FALSE,"intronic_opposite",117121374,25026,FALSE,2,41.09,FALSE,"disruption"
"Spred1","114715","chr2","+",117121374,117182279,117126100,117196100,"B-2-23",FALSE,FALSE,NA,FALSE,"chr2",117146350,117146450,117146400,439,"-",0,FALSE,FALSE,FALSE,"intronic_opposite",117121374,25026,FALSE,2,41.09,FALSE,"disruption"
"Spred1","114715","chr2","+",117121374,117182279,117126100,117196100,"B-A08",TRUE,FALSE,NA,FALSE,"chr2",117153150,117153250,117153200,11169,"-",0,FALSE,FALSE,FALSE,"intronic_opposite",117121374,31826,FALSE,3,52.26,FALSE,"disruption"
"Spred1","114715","chr2","+",117121374,117182279,117126100,117196100,"B-B10",FALSE,FALSE,NA,FALSE,"chr2",117158850,117158950,117158900,12444,"-",0,FALSE,FALSE,FALSE,"intronic_opposite",117121374,37526,FALSE,3,61.61,FALSE,"disruption"
"Spred1","114715","chr2","+",117121374,117182279,117126100,117196100,"B-A02",FALSE,TRUE,"CMZ181",FALSE,"chr2",117186450,117186550,117186500,7404,"+",4221,TRUE,FALSE,TRUE,"distant",117121374,65126,FALSE,NA,106.93,FALSE,"disruption"
"Spred1","114715","chr2","+",117121374,117182279,117126100,117196100,"N-3-1",FALSE,FALSE,NA,FALSE,"chr2",117186850,117186950,117186900,538,"-",4621,TRUE,FALSE,FALSE,"distant",117121374,65526,FALSE,NA,107.59,FALSE,"disruption"
"Tgfbr2","21813","chr9","-",116084293,116175360,116164600,116181600,"N-A07",FALSE,TRUE,"CMZ182,CMZ357",FALSE,"chr9",116164550,116164650,116164600,111,"-",0,FALSE,FALSE,FALSE,"intronic_opposite",116175360,10760,FALSE,2,11.82,FALSE,"disruption"
"Tgfbr2","21813","chr9","-",116084293,116175360,116164600,116181600,"B3-5",FALSE,FALSE,NA,FALSE,"chr9",116167850,116167950,116167900,211,"+",0,FALSE,FALSE,TRUE,"intronic_same",116175360,7460,FALSE,2,8.19,TRUE,"activation"
"Tgfbr2","21813","chr9","-",116084293,116175360,116164600,116181600,"B-3-1",FALSE,FALSE,NA,FALSE,"chr9",116172850,116172950,116172900,193,"+",0,FALSE,FALSE,TRUE,"intronic_same",116175360,2460,FALSE,2,2.7,TRUE,"activation"
"Tgfbr2","21813","chr9","-",116084293,116175360,116164600,116181600,"B-1-7",FALSE,FALSE,NA,FALSE,"chr9",116172950,116173050,116173000,3597,"+",0,FALSE,FALSE,TRUE,"intronic_same",116175360,2360,FALSE,2,2.59,TRUE,"activation"
"Tgfbr2","21813","chr9","-",116084293,116175360,116164600,116181600,"B3-6",TRUE,FALSE,NA,FALSE,"chr9",116172950,116173050,116173000,9681,"+",0,FALSE,FALSE,TRUE,"intronic_same",116175360,2360,FALSE,2,2.59,TRUE,"activation"
"Tgfbr2","21813","chr9","-",116084293,116175360,116164600,116181600,"N3-6",TRUE,FALSE,NA,FALSE,"chr9",116172950,116173050,116173000,2174,"+",0,FALSE,FALSE,TRUE,"intronic_same",116175360,2360,FALSE,2,2.59,TRUE,"activation"
"Tgfbr2","21813","chr9","-",116084293,116175360,116164600,116181600,"N-1-7",FALSE,FALSE,NA,FALSE,"chr9",116172950,116173050,116173000,2965,"+",0,FALSE,FALSE,TRUE,"intronic_same",116175360,2360,FALSE,2,2.59,TRUE,"activation"
